Workbook

Sheet Исходная таблица
A1: Таблица продаж Минеральная вода за Сентябрь-Ноябрь
A2: № п/п | B2: Товар (разновидность) | C2: Производитель | D2: Расфасовка | E2: Сентябрь | F2: Октябрь | G2: Ноябрь | H2: Итого количество | I2: Итого цена
A3: 1 | B3: Магниевая | C3: Россия | D3: 0.2 л | E3: 18 | F3: 15 | G3: 69 | H3: =SUM(E3:G3) -> 102 | I3: =H3*IF(D3="0.2 л",'Лист 2'!$B$3, IF('Исходная таблица'!D3="0.5 л",'Лист 2'!$B$4, IF('Исходная таблица'!D3="1.0 л",'Лист 2'!$B$5,'Лист 2'!$B$6))) -> 511938
A4: 2 | B4: Магниевая | C4: Россия | D4: 0.5 л | E4: 24 | F4: 80 | G4: 65 | H4: =SUM(E4:G4) -> 169 | I4: =H4*IF(D4="0.2 л",'Лист 2'!$B$3, IF('Исходная таблица'!D4="0.5 л",'Лист 2'!$B$4, IF('Исходная таблица'!D4="1.0 л",'Лист 2'!$B$5,'Лист 2'!$B$6))) -> 939302
A5: 3 | B5: Магниевая | C5: Россия | D5: 1.0 л | E5: 99 | F5: 61 | G5: 93 | H5: =SUM(E5:G5) -> 253 | I5: =H5*IF(D5="0.2 л",'Лист 2'!$B$3, IF('Исходная таблица'!D5="0.5 л",'Лист 2'!$B$4, IF('Исходная таблица'!D5="1.0 л",'Лист 2'!$B$5,'Лист 2'!$B$6))) -> 1312311
A6: 4 | B6: Магниевая | C6: Россия | D6: 1.5 л | E6: 75 | F6: 76 | G6: 48 | H6: =SUM(E6:G6) -> 199 | I6: =H6*IF(D6="0.2 л",'Лист 2'!$B$3, IF('Исходная таблица'!D6="0.5 л",'Лист 2'!$B$4, IF('Исходная таблица'!D6="1.0 л",'Лист 2'!$B$5,'Лист 2'!$B$6))) -> 1142658
A7: 5 | B7: Магниевая | C7: Китай | D7: 0.2 л | E7: 64 | F7: 96 | G7: 82 | H7: =SUM(E7:G7) -> 242 | I7: =H7*IF(D7="0.2 л",'Лист 2'!$B$3, IF('Исходная таблица'!D7="0.5 л",'Лист 2'!$B$4, IF('Исходная таблица'!D7="1.0 л",'Лист 2'!$B$5,'Лист 2'!$B$6))) -> 1214598
A8: 6 | B8: Магниевая | C8: Китай | D8: 0.5 л | E8: 53 | F8: 29 | G8: 85 | H8: =SUM(E8:G8) -> 167 | I8: =H8*IF(D8="0.2 л",'Лист 2'!$B$3, IF('Исходная таблица'!D8="0.5 л",'Лист 2'!$B$4, IF('Исходная таблица'!D8="1.0 л",'Лист 2'!$B$5,'Лист 2'!$B$6))) -> 928186
A9: 7 | B9: Магниевая | C9: Китай | D9: 1.0 л | E9: 48 | F9: 72 | G9: 13 | H9: =SUM(E9:G9) -> 133 | I9: =H9*IF(D9="0.2 л",'Лист 2'!$B$3, IF('Исходная таблица'!D9="0.5 л",'Лист 2'!$B$4, IF('Исходная таблица'!D9="1.0 л",'Лист 2'!$B$5,'Лист 2'!$B$6))) -> 689871
A10: 8 | B10: Магниевая | C10: Китай | D10: 1.5 л | E10: 76 | F10: 76 | G10: 90 | H10: =SUM(E10:G10) -> 242 | I10: =H10*IF(D10="0.2 л",'Лист 2'!$B$3, IF('Исходная таблица'!D10="0.5 л",'Лист 2'!$B$4, IF('Исходная таблица'!D10="1.0 л",'Лист 2'!$B$5,'Лист 2'!$B$6))) -> 1389564
A11: 9 | B11: Магниевая | C11: Германия | D11: 0.2 л | E11: 10 | F11: 96 | G11: 60 | H11: =SUM(E11:G11) -> 166 | I11: =H11*IF(D11="0.2 л",'Лист 2'!$B$3, IF('Исходная таблица'!D11="0.5 л",'Лист 2'!$B$4, IF('Исходная таблица'!D11="1.0 л",'Лист 2'!$B$5,'Лист 2'!$B$6))) -> 833154
A12: 10 | B12: Магниевая | C12: Германия | D12: 0.5 л | E12: 7 | F12: 25 | G12: 93 | H12: =SUM(E12:G12) -> 125 | I12: =H12*IF(D12="0.2 л",'Лист 2'!$B$3, IF('Исходная таблица'!D12="0.5 л",'Лист 2'!$B$4, IF('Исходная таблица'!D12="1.0 л",'Лист 2'!$B$5,'Лист 2'!$B$6))) -> 694750
A13: 11 | B13: Магниевая | C13: Германия | D13: 1.0 л | E13: 96 | F13: 30 | G13: 84 | H13: =SUM(E13:G13) -> 210 | I13: =H13*IF(D13="0.2 л",'Лист 2'!$B$3, IF('Исходная таблица'!D13="0.5 л",'Лист 2'!$B$4, IF('Исходная таблица'!D13="1.0 л",'Лист 2'!$B$5,'Лист 2'!$B$6))) -> 1089270
A14: 12 | B14: Магниевая | C14: Германия | D14: 1.5 л | E14: 77 | F14: 82 | G14: 85 | H14: =SUM(E14:G14) -> 244 | I14: =H14*IF(D14="0.2 л",'Лист 2'!$B$3, IF('Исходная таблица'!D14="0.5 л",'Лист 2'!$B$4, IF('Исходная таблица'!D14="1.0 л",'Лист 2'!$B$5,'Лист 2'!$B$6))) -> 1401048
... A66: 64 | B66: Натриевая | C66: Беларусь | D66: 1.5 л | E66: 28 | F66: 32 | G66: 8 | H66: =SUM(E66:G66) -> 68 | I66: =H66*IF(D66="0.2 л",'Лист 2'!$B$3, IF('Исходная таблица'!D66="0.5 л",'Лист 2'!$B$4, IF('Исходная таблица'!D66="1.0 л",'Лист 2'!$B$5,'Лист 2'!$B$6))) -> 390456

Sheet Лист 2
A1: Таблица №2 (Цены)
A2: Расфасовка | B2: Цена
A3: 0.2 л | B3: 5019
A4: 0.5 л | B4: 5558
A5: 1.0 л | B5: 5187
A6: 1.5 л | B6: 5742
A8: Таблица №3 (Статистика)
A9: Расчёт | B9: Сентябрь | C9: Октябрь | D9: Ноябрь
A10: Общее за месяц | B10: =SUM('Исходная таблица'!E3:E66) -> 3135 | C10: =SUM('Исходная таблица'!F3:F66) -> 3378 | D10: =SUM('Исходная таблица'!G3:G66) -> 2870
A11: Среднее за месяц | B11: =AVERAGE('Исходная таблица'!E3:E66) -> 48.984375 | C11: =AVERAGE('Исходная таблица'!F3:F66) -> 52.78125 | D11: =AVERAGE('Исходная таблица'!G3:G66) -> 44.84375
A12: Минимум за период | B12: =MIN('Исходная таблица'!E3:E66) -> 2 | C12: =MIN('Исходная таблица'!F3:F66) -> 1 | D12: =MIN('Исходная таблица'!G3:G66) -> 2
A13: Максимум за период | B13: =MAX('Исходная таблица'!E3:E66) -> 99 | C13: =MAX('Исходная таблица'!F3:F66) -> 97 | D13: =MAX('Исходная таблица'!G3:G66) -> 97
